**id**,**Icon**,**Name**,**Description**,**Origin**,**Links**
1,![2by2 Project](logo/_2by2_Project-4fe18ec5.png),2by2 Project,[AOSP] The Custom ROM that focused to JP stuff,Japan,[Website](https://project2by2.jp/) [Github](https://github.com/2by2-Project) [Telegram](https://t.me/twobytwodiscussion)
2,![Advanced XPerience OS](logo/Advanced_XPerience_OS-cefafad2.png),Advanced XPerience OS,"[AOSP] AXP.OS (short for """"Advanced XPerience OS"""") is a more private and more secure aftermarket mobile operating system based on DivestOS.",Germany,[Website](https://axp.binbash.rocks/) [Github](https://github.com/AXP-OS) [Telegram](https://t.me/sfX_Android)
3,![Afterlife Project](logo/Afterlife_Project-c4103c29.png),Afterlife Project,[AOSP] An External Version Of Aosp Extended by Fans,Indonesia,[Github](https://github.com/AfterLifePrjktAOSP) [Sourceforge](https://sourceforge.net/projects/afterlife-projects/files/release/)
4,![AfterlifeOS](logo/AfterlifeOS-1662763f.png),AfterlifeOS,[AOSP] Based On Aosp With some customization,Indonesia,[Website](https://afterlifeos.com/) [Github](https://github.com/AfterlifeOS) [Telegram](https://t.me/AfterLife_Update)
5,![AICP (Android Ice Project)](logo/AICP_Android_Ice_Project-450345a0.png),AICP (Android Ice Project),[AOSP] AICP is a customized version of Android that offers customizations as well as a clean UI environment with a lot of things to further customize.,,[Website](https://www.aicp-rom.com/) [Github](https://github.com/AICP)
6,![AIM ROM](logo/AIM_ROM-db386c29.png),AIM ROM,"[AOSP] AIMROM is based on LineageOS. Its a combination of unmatched stability, performance, and sets of usefull features ensuring sweet taste of latest Android essence stays in your device.. It’s fully responsive, Fast, Smooth and Stable .",Worldwide,[Website](https://aimrom.github.io/) [Github](https://github.com/AIMROM)
7,![AlphaDroid](logo/AlphaDroid-4f812fef.jpg),AlphaDroid,"[AOSP] AlphaDroid is a custom ROM based on crDroid, with a new look and some extra features and optimizations.",,[Github](https://github.com/AlphaDroid-Project) [Telegram](https://t.me/alphadroid_chat)
8,![AlrightOS](logo/AlrightOS-f0568b1d.jpg),AlrightOS,[AOSP],Turkey,[Website](https://alrightos.xyz/) [Github](https://github.com/AlrightAndroid) [Github - Sandbox](https://github.com/AlrightAndroid-Brokenlab)
9,![AmogOS Rom](logo/AmogOS_Rom-19a2de50.jpg),AmogOS Rom,"[AOSP] Amog-OS Rom is an LMOdroid based ROM which provides stock UI/UX experience with useful features. Being based on LMOdroid it provides a smooth experience. We have added many sussy features from various other open-sus projects and have tried to keep our things sus A ROM by a impostor, for a crewmate. _#BeSussy_",,[Github](https://github.com/AmogOS-Rom) [Telegram](https://t.me/amogosrom)
10,![AmyROM](logo/AmyROM-6978aa40.png),AmyROM,[AOSP] amyROM is a free and open source Android ROM,United Kingdom,[Github](https://github.com/amyROM) [X](https://x.com/amyROM_aosp)
11,![Ancient OS](logo/Ancient_OS-659a8207.png),Ancient OS,"[AOSP] A custom ROM based on AOSP with a focus on performance, security, and stability.",,[Website](https://www.ancientrom.xyz/) [Github](https://github.com/Ancient-Lab) [Sourceforge](https://sourceforge.net/projects/ancientrom/files/gsi/)
12,![AOKP](logo/AOKP-d25e694b.png),AOKP,"[AOSP] [Discontinued] Based on LineageOS Developed by Team Kang, Started in year 2011",,[Website](http://aokp.co/) [Github](https://github.com/AOKP)
13,![AOSDP](logo/AOSDP-1e6e1075.png),AOSDP,[AOSP] AOSP based fully dark themed ROM,,[Github](https://github.com/AOSDP)
14,![AOSiP (Android Open Source Illusion Project)](logo/AOSiP_Android_Open_Source_Illusion_Project-51b9672d.png),AOSiP (Android Open Source Illusion Project),[AOSP],,[Website](https://aosip.dev/) [Github](https://github.com/AOSiP)
15,![AOSP Extended](logo/AOSP_Extended-606b77a2.png),AOSP Extended,[AOSP] An Android custom ROM based on AOSP with stock experience and customization features.,,[Website](https://www.aospextended.com/) [Github](https://github.com/AospExtended)
16,![Aquari OS](logo/Aquari_OS-4edb4f4b.png),Aquari OS,"[AOSP] [Discontinued] THIS IS PROJECT NO LONGER ACTIVE! For branches older than pie, see github.com/AquariOS-backup",,[Github](https://github.com/AquariOS)
17,![Arrow OS](logo/Arrow_OS-e516e93e.png),Arrow OS,"[AOSP] A simple, clean, and organized AOSP-based project with added features for smooth performance and battery life.",,[Website](https://arrowos.net/) [Github](https://github.com/arrowos)
18,![Atomic OS](logo/Atomic_OS-210f001e.png),Atomic OS,[AOSP],,[Github](https://github.com/Atomic-OS)
19,![AuroraDroid](logo/AuroraDroid-12ff7a50.png),AuroraDroid,[AOSP],India,[Github](https://github.com/AuroraDroid)
20,![BaikalOS](logo/BaikalOS-096466c9.jpg),BaikalOS,[AOSP],Russia,[Github](https://github.com/baikalos)
21,![BananaDroid](logo/BananaDroid-51159577.png),BananaDroid,[AOSP],Indonesia,[Github](https://github.com/bananadroid)
22,![BeastROMs](logo/BeastROMs-08ef4cf9.png),BeastROMs,[AOSP],Worldwide,[Github](https://github.com/BeastRoms)
23,![Benzo ROM](logo/Benzo_ROM-674bf575.png),Benzo ROM,[AOSP],,[Github](https://github.com/BenzoRom)
24,![Bianca Project](logo/Bianca_Project-4b140ed0.png),Bianca Project,[AOSP] Simple ROM Based AOSP,,[Github](https://github.com/BiancaProject)
25,![Black Iron Project](logo/Black_Iron_Project-254cade7.jpg),Black Iron Project,[AOSP],Italy,[Website](https://github.com/Black-Iron-Project) [Github](https://github.com/Black-Iron-Project)
26,![Bliss ROMs](logo/Bliss_ROMs-708ed26b.png),Bliss ROMs,[AOSP],Worldwide,[Website](https://blissroms.com/) [Github](https://github.com/BlissRoms) [Sourceforge](https://sourceforge.net/projects/blissroms/files/)
27,![Bootleggers ROM](logo/Bootleggers_ROM-588a7fb3.png),Bootleggers ROM,[AOSP],Worldwide,[Website](https://bootleggersrom.github.io/) [Github](https://github.com/BootleggersROM)
28,![BsdkOS](logo/BsdkOS-a6da67d8.jpg),BsdkOS,[AOSP],India,[Github](https://github.com/bsdkOS)
29,![CAF Extended](logo/CAF_Extended-9b98c9dc.png),CAF Extended,[AOSP],,[Github](https://github.com/CAF-Extended)
30,![CalyxOS](logo/CalyxOS-6382057f.jpg),CalyxOS,"[AOSP] A mobile phone operating system built with """"Privacy by Design"""". A project of The Calyx Institute https://calyxinstitute.org, For Google Pixel 3 through 8 Pro, Fairphone 4, SHIFT6mq, Moto G32 through G52, Privacy focused. Developed by Calyx Institute, Started in year 2019",USA,[Website](https://calyxos.org/) [Github](https://github.com/CalyxOS)
31,![CandyRoms](logo/CandyRoms-71fdfcf8.png),CandyRoms,"[AOSP] A ROM based on AOSP with CAF hardware support added in, aiming to enhance battery life and performance.",USA,[Website](https://candyroms.org/) [Github](https://github.com/CandyRoms)
32,![Carbon ROM](logo/Carbon_ROM-5a383410.jpg),Carbon ROM,[AOSP] An aftermarket firmware based on AOSP created to add versatility and customization to stock Android.,,[Website](https://carbonrom.org/) [Github](https://github.com/CarbonROM)
33,![CatalystOS](logo/CatalystOS-d8b051b9.jpg),CatalystOS,[AOSP] The catalyst for your phone,India,[Website](https://catalystos.org/) [Github](https://github.com/catalyst-android)
34,![Cesium OS](logo/Cesium_OS-e1b7f315.png),Cesium OS,[AOSP],Worldwide,[Website](http://thecesiumos.me/) [Github](https://github.com/CesiumOS-org)
35,![Cherish OS](logo/Cherish_OS-6ac5d1c2.png),Cherish OS,[AOSP] A beautiful ROM based on AOSP and Pixel with good quality of features,Vietnam,[Website](https://cherishos.com/) [Github](https://github.com/CherishOS)
36,![CipherOS](logo/CipherOS-8730ac35.png),CipherOS,"[AOSP] Android Custom OS, Sturdy, Stable & Fast.",India,[Website](https://cipheros.github.io/) [Github](https://github.com/CipherOS)
37,![Citrus CAF](logo/Citrus_CAF-8b1defd1.png),Citrus CAF,[AOSP] Tangiest Pie ever! ❤️,USA,[Github](https://github.com/Citrus-CAF)
38,![ClownUI](logo/ClownUI-45c9a2aa.png),ClownUI,"[AOSP] Based on AOSP, so Why so Serious !?",Indonesia,[Github](https://github.com/ClownUI)
39,![Colt OS](logo/Colt_OS-1b153950.png),Colt OS,[AOSP] Let's get Colt-ify,India,[Github](https://github.com/Colt-Enigma) [SourceForge](https://sourceforge.net/projects/coltos/)
40,![ConquerOS](logo/ConquerOS-b575f6f7.jpg),ConquerOS,[AOSP] Simple yet powerful CAF based Custom ROM,Worldwide,[Github](https://github.com/ConquerOS)
41,![Corvus ROM](logo/Corvus_ROM-8e99631a.png),Corvus ROM,[AOSP],India,[Github](https://github.com/Corvus-AOSP)
42,![Cosmic OS](logo/Cosmic_OS-b6d9d054.png),Cosmic OS,[AOSP] #ExploreTheCosmos,Worldwide,[Website](https://cosmic-os.github.io/) [Github](https://github.com/Cosmic-OS)
43,![CrDroid](logo/CrDroid-aed3af59.png),CrDroid,"[AOSP] After-market highly customized Android platform for select devices, Based on LineageOS, Developed by crDroid team, Started in year 2014",,[Website](https://crdroid.net/) [Github](https://github.com/crdroidandroid) [Sourceforge](https://sourceforge.net/projects/crdroid/files/)
44,![CyanogenMod](logo/CyanogenMod.png),CyanogenMod,"[AOSP] [Discontinued] open-source operating system for mobile devices, based on the Android mobile platform. Developed between 2009 and 2016, it was free and open-source software based on the official releases of Android by Google, with added original and third-party code, and based on a rolling release development model.",,[Website](https://cyanogenmodroms.com/)
45,![Cygnus OS](logo/Cygnus_OS-7cb2180b.jpg),Cygnus OS,[AOSP] A beautiful custom ROM,,[Website](https://cygnusos.com/) [Github](https://github.com/cygnus-rom)
46,![Cypher OS](logo/Cypher_OS-548f7954.png),Cypher OS,[AOSP] Android Open Source Cypher Project,,[Github](https://github.com/CypherOS)
47,![Derpfest](logo/Derpfest-50ffd57a.png),Derpfest,"[AOSP] AOSP based custom ROM, twisted with the latest features from all over the Android development community. Quality and stability is our first priority as we are dedicated to bringing you the best Android has to offer",Germany,[Website](https://derpfest.org/) [Github](https://github.com/DerpFest-AOSP)
48,![Descendant X](logo/Descendant_X-cee6f926.png),Descendant X,[AOSP] Descendant is a customised Android ROM that focuses on enhancing UX and UI over stock Android along useful features.,Italy,[Website](https://descendant.me/) [Github](https://github.com/Descendant) [Telegram](https://t.me/descendant_device_support) [XDA](https://xdaforums.com/t/shared-rom-12-1-official-veux-descendant-os.4468999/)
49,![Dirty Unicorns](logo/Dirty_Unicorns-45fa6610.jpg),Dirty Unicorns,[AOSP] An AOSP based project built to enhance the stock Android experience,Worldwide,[Website](https://dirtyunicorns.com/) [Github](https://github.com/DirtyUnicorns)
50,![DivestOS](logo/DivestOS-522af30d.jpg),DivestOS,"[AOSP] Soft fork of LineageOS. Includes Monthly Updates, FOSS Focus, Deblobbing, Security and Privacy focus, and F-Droid Developed by Tavi (SkewedZeppelin), Started in year 2014",,[Website](https://divestos.org) [Github](https://github.com/divested-mobile)
51,![DotOS (Droid On Time)](logo/DotOS_Droid_On_Time-af781b71.png),DotOS (Droid On Time),"[AOSP] Droid on Time, A beautiful custom ROM based on AOSP, which endeavors the essence of """"Simple. Unique. Stable"""".",,[Website](https://www.droidontime.com/) [Github](https://github.com/DotOS)
52,![DroidX-UI](logo/DroidX_UI-9c3aa210.jpg),DroidX-UI,[AOSP] Ready to unlock the true potential of your device? Meet DroidX-UI!,India,[Website](https://droid-x-ui-github-io.vercel.app/) [Github](https://github.com/DroidX-UI)
53,![eFoundation](logo/eFoundation-aafa2a08.jpg),eFoundation,"[AOSP] We build mobile operating systems, apps and code that put users’ privacy first before profit.",,[Website](https://e.foundation/) [Github](https://github.com/e-foundation)
54,![elytraOS](logo/elytraOS-2ad50c0a.jpg),elytraOS,[AOSP] Let your android experience fly.,,[Github](https://github.com/elytraOS)
55,![Eternity OS](logo/Eternity_OS-b354aa1c.png),Eternity OS,[AOSP] Project Based on AOSP with taste of features and customizations.,,[Github](https://github.com/EternityOS-Plus-Tiramisu)
56,![Ethereal OS](logo/Ethereal_OS-676fd00c.png),Ethereal OS,[AOSP] Based On AOSP with custom features and Latest Security Updates,India,[Github](https://github.com/Ethereal-OS)
57,![euclidOS](logo/euclidOS-c56a8299.jpg),euclidOS,[AOSP],India,[Github](https://github.com/euclidTeam)
58,![EunoiaOS](logo/EunoiaOS-855c9bb2.png),EunoiaOS,[AOSP] Android operating system with visual prioritization and stability.,Indonesia,[Github](https://github.com/EunoiaOS)
59,![Evervolv](logo/Evervolv-a12c6122.png),Evervolv,[AOSP],,[Github](https://github.com/Evervolv)
60,![Evolution X](logo/Evolution_X-49249afc.png),Evolution X,[AOSP] Now based on @LineageOS,Philippines,[Website](https://evolution-x.org/) [Github](https://github.com/Evolution-X) [Sourceforge](https://sourceforge.net/projects/evolution-x) [X](https://twitter.com/EvolutionXROM) [Discord](https://discord.gg/Evolution-X) [CDN](https://cdn.evolution-x.org/)
61,![exTHmUI](logo/exTHmUI-eb81bccc.png),exTHmUI,[AOSP] [Discontinued],,[Github](https://github.com/exthmui)
62,![FireHound](logo/FireHound-13f780f3.png),FireHound,[AOSP] A Custom Android ROM focusing on features + stability.,,[Github](https://github.com/FireHound)
63,![Flamingo-OS](logo/Flamingo_OS-e247ce6d.jpg),Flamingo-OS,[AOSP] An open source custom Android OS project based on CLO.,,[Github](https://github.com/Flamingo-OS)
64,![FlokoROM](logo/FlokoROM-a11c5a60.png),FlokoROM,[AOSP] Bring cool new features and a clean experience to your Android device,,[Website](https://floko.maud.io/) [Github](https://github.com/FlokoROM)
65,![FluidOS](logo/FluidOS-9d86883c.png),FluidOS,[AOSP] An aftermarket AOSP-based custom ROM.,,[Website](https://projectfluid.org/) [Github](https://github.com/project-fluid)
66,![Fork LineageOS](logo/Fork_LineageOS-0d0e8f7a.jpg),Fork LineageOS,[AOSP] Just another fork of LineageOS maintained by HyperTeam,,[Github](https://github.com/ForkLineageOS) [Telegram](https://t.me/ForkLineageOS)
67,![fortuneOS](logo/fortuneOS-2ba975d1.jpg),fortuneOS,[AOSP] AOSP based ROM that aims to provide the best pixel experience,Indonesia,[Github](https://github.com/fortuneOS-AOSP)
68,![Freaky OS](logo/Freaky_OS-695390c0.png),Freaky OS,[AOSP] #WhySoSerious? #StillAlive,,[Website](https://freakyos.me) [Github](https://github.com/FreakyOS)
69,![FusionOS](logo/FusionOS-df6cc139.png),FusionOS,[AOSP],India,[Github](https://github.com/Fusion-OS)
70,![GenesisOS](logo/GenesisOS-d9983d21.png),GenesisOS,[AOSP],,[Github](https://github.com/GenesisOS)
71,![GhostOS](logo/GhostOS-bf8bfde4.jpg),GhostOS,"[AOSP] Another Android ROM based on AOSP, A Fork of Pixel Experience",,[Github](https://github.com/Ghost-OS-AOSP) [Telegram](https://t.me/GhostOS_AOSP)
72,![GrapheneOS](logo/GrapheneOS-d6db8809.png),GrapheneOS,[AOSP] Security and privacy focused mobile OS with Android app compatibility. We focus on developing substantial privacy and security improvements.,Canada,[Website](https://grapheneos.org/) [Github](https://github.com/GrapheneOS)
73,![Halcyon](logo/Halcyon-f7d0ded7.png),Halcyon,[AOSP] Simple yet unique Android distribution,,[Website](https://hlcyn.co/) [Github](https://github.com/halcyonproject)
74,![Halogen OS](logo/Halogen_OS-b801b89b.png),Halogen OS,"[AOSP] A performant, minimalistic & open-source distribution of the Android Open Source Project. Mirror of https://git.halogenos.org/halogenOS. Not always up-to-date.",Germany,[Website](https://halogenos.org/) [Github](https://github.com/halogenOS)
75,![Havoc OS](logo/Havoc_OS-a0cab205.png),Havoc OS,[AOSP],India,[Website](https://havoc-os.com/) [Github](https://github.com/Havoc-OS)
76,![Hentai OS](logo/Hentai_OS-1329c22f.png),Hentai OS,[AOSP],,[Website](https://hentaios.com/) [Github](https://github.com/hentaiOS) [Wiki](https://wiki.helluvaos.com/)
77,![HyconOS](logo/HyconOS-5eb6ff1b.png),HyconOS,[AOSP],India,[Github](https://github.com/HyconOS)
78,![iodéOS](logo/android.png),iodéOS,[AOSP],,[Website](https://iode.tech/iodeos-en) [Gitlab](https://gitlab.com/iode/)
79,![Ion OS](logo/Ion_OS-60dc8546.png),Ion OS,[AOSP],,[Github](https://github.com/i-o-n)
80,![IronOS Project](logo/IronOS_Project-cf21f8c7.png),IronOS Project,[AOSP],,[Github](https://github.com/IronOSProject)
81,![Kali NetHunter](logo/android.png),Kali NetHunter,"[AOSP] Open Source Android penetration testing platform. NetHunter supports Wireless 802.11 frame injection, one-click MANA Evil Access Point setups, HID keyboard, as well as BadUSB MITM attacks – built upon Kali Linux distribution and toolsets. Developed by Kali community member “BinkyBear” & Offensive Security, Started in year 2016",,
82,![Kang OS](logo/Kang_OS-ebcf9ce8.png),Kang OS,[AOSP],,[Github](https://github.com/Kang-OS-R)
83,![Komodo OS](logo/Komodo_OS-041c2971.png),Komodo OS,[AOSP],Indonesia,[Website](https://komodo-os.my.id/) [Github](https://github.com/Komodo-OS)
84,![Krypton Open Source Project](logo/Krypton_Open_Source_Project-f134ee7b.jpg),Krypton Open Source Project,[AOSP] An Android custom ROM project based on AOSP. Discontinued as we have moved over to a CLO base @Flamingo-OS,,[Github](https://github.com/AOSP-Krypton)
85,![Legion OS](logo/Legion_OS-b3560498.jpg),Legion OS,[AOSP],India,[Website](http://legionos.tk/) [Github](https://github.com/Project-LegionOS) [SourceForge](https://sourceforge.net/projects/legionrom/)
86,![LeOS](logo/android.png),LeOS,[AOSP],Germany,[Website](https://leos-gsi.de/) [XDA](https://xdaforums.com/t/aosp-12-1-leos-ungoogled-gsi.4356501/)
87,![LessAOSP](logo/LessAOSP-59f817d8.png),LessAOSP,[AOSP],,[Github](https://github.com/LessAOSP)
88,![LightningFastRom](logo/LightningFastRom-87c25c91.png),LightningFastRom,[AOSP] Lighting Fast Android OS For Older Devices,,[Github](https://github.com/lightningfastrom)
89,![Lineage OS](logo/Lineage_OS-11d1a015.png),Lineage OS,"[AOSP] Officially the successor of CyanogenMod. A free and open-source operating system for various devices, based on the Android mobile platform. This is a mirror of https://review.lineageos.org/",,[Website](https://lineageos.org/) [Github](https://github.com/LineageOS) [Reddit](https://www.reddit.com/r/LineageOS/)
90,![Lineage OS R Mod](logo/android.png),Lineage OS R Mod,[AOSP],,[Website](https://sourceforge.net/projects/treblerom/files/LiR/)
91,![Liquid Remix](logo/Liquid_Remix-7ef42fa6.png),Liquid Remix,[AOSP] Come to the Lounge,,[Github](https://github.com/LiquidRemix)
92,![LLuvia OS](logo/LLuvia_OS-bca2fbc2.png),LLuvia OS,[AOSP],,[Github](https://github.com/LLuviaOS)
93,![LMODroid](logo/LMODroid-ae3df4e2.png),LMODroid,[AOSP] Just a mirror,,[Website](https://git.libremobileos.com/LMODroid/) [Github](https://github.com/LMODroid)
94,![LunarUI](logo/LunarUI-5dbdb3ac.png),LunarUI,[AOSP] A custom ROM which is based on LineageOS (WIP),Kazakhstan,[Github](https://github.com/Lunar-UI)
95,![Magnus OS](logo/Magnus_OS-c499365f.png),Magnus OS,[AOSP] Greatness Redefined!,India,[Github](https://github.com/Magnus-OS)
96,![Mallu OS](logo/Mallu_OS-f016579e.jpg),Mallu OS,[AOSP] [Discontinued] A Rom based on LineageOS By Mallu deblobers,India,[Website](https://malluos.github.io/) [Github](https://github.com/MalluOS)
97,![Miku UI](logo/Miku_UI-bca01e87.png),Miku UI,[AOSP] An AOSP-based Project for Mikufans. (*^_^*). Official Release Channel：https://t.me/mikuuirelease,,[Github](https://github.com/Miku-UI)
98,![Mist-OS](logo/Mist_OS-9430f618.jpg),Mist-OS,[AOSP] Cherry picked beautiful ROM based on AOSP and Pixel with good quality of features 💙,India,[Github](https://github.com/Project-Mist-OS)
99,![MoKee ROM](logo/MoKee_ROM-9e99c12f.png),MoKee ROM,[AOSP],,[Website](https://www.mokeedev.com/en/) [Github](https://github.com/MoKee)
100,![Nethunter OS](logo/Nethunter_OS-a04c1705.png),Nethunter OS,[AOSP],,[Website](https://www.kali.org/docs/nethunter/) [Gitlab](https://gitlab.com/kalilinux/nethunter)
101,![Nitrogen OS](logo/Nitrogen_OS-1d7dc486.jpg),Nitrogen OS,[AOSP] Nitrogen OS (Android 14 for Google Pixel 6a),Russia,[Github](https://github.com/nitrogen-project)
102,![Nusantara Project](logo/Nusantara_Project-30c82822.jpg),Nusantara Project,[AOSP] Probably this wasnt you looking for.,Indonesia,[Website](https://nusantararom.org/) [Github](https://github.com/Nusantara-ROM)
103,![Octavi OS](logo/Octavi_OS-c54373dc.png),Octavi OS,[AOSP],India,[Website](https://octavi-os.com/) [Github](https://github.com/Octavi-Staging)
104,![Omni ROM](logo/Omni_ROM-949d3b68.png),Omni ROM,"[AOSP] Open Source Android Firmware, Started in year 2013",,[Website](https://omnirom.org/) [Github](https://github.com/omnirom)
105,![OrionOS](logo/OrionOS-f6ac9a74.jpg),OrionOS,[AOSP] Android Custom ROMs for Your Unique Style.,Indonesia,[Github](https://github.com/OrionOS-prjkt)
106,![PalladiumOS](logo/PalladiumOS-5abe28c7.jpg),PalladiumOS,[AOSP] An AOSP based project,India,[Website](https://palladiumos.com/) [Github](https://github.com/Palladium-OS)
107,![Paranoid Android](logo/Paranoid_Android-5c14cfc9.png),Paranoid Android,"[AOSP] Based on CAF Developed by Paranoid Android Team, Started in year 2012",,[Website](https://paranoidandroid.co/) [Github](https://github.com/AOSPA)
108,![PhoenixAOSP](logo/PhoenixAOSP-31e26c99.png),PhoenixAOSP,[AOSP] Phoenix Android 13 ROM,,[Github](https://github.com/PhoenixAOSP)
109,![Pixel Blaster OS](logo/Pixel_Blaster_OS-816f23a2.jpg),Pixel Blaster OS,[AOSP] Custom ROM based on AOSP,,[Website](https://pixelblaster-os.github.io/) [Github](https://github.com/PixelBlaster-OS) [SourceForge](https://sourceforge.net/projects/pixelblaster-os/)
110,![Pixel Dust](logo/Pixel_Dust-3e557b9a.png),Pixel Dust,[AOSP],,[Github](https://github.com/PixelDust-Project-X)
111,![Pixel Experience](logo/Pixel_Experience-8c05525f.jpg),Pixel Experience,"[AOSP] [Discontinued] PixelExperience is an AOSP based ROM, with Google apps included and all Pixel goodies (launcher, wallpapers, icons, fonts, bootanimation). Started in 2017, Discontinued in April 2024.",Brazil,[Website](https://download.pixelexperience.org/) [Github](https://github.com/PixelExperience)
112,![Pixel Extended](logo/Pixel_Extended-fa2be1b1.png),Pixel Extended,[AOSP] Fork Of PixelExperience ..Formally Pixel Extended,India,[Sourceforge](https://sourceforge.net/projects/pixelextended/) [Github](https://github.com/PixelExtended)
113,![Pixel Project](logo/Pixel_Project-361438ce.jpg),Pixel Project,"[AOSP] The Pixel Project, an AOSP based custom rom led by a passionate team aiming to provide a clean and smooth experience of stock android with Pixel Goodies.",United Kingdom,[Github](https://github.com/The-Pixel-Project)                 [Sourceforge](https://sourceforge.net/projects/pixel-project/)
114,![PixelOS](logo/PixelOS-a7cdf8e9.png),PixelOS,[AOSP] An AOSP based ROM aiming to provide the best of Pixel,India,[Website](https://pixelos.net/) [Github](https://github.com/PixelOS-AOSP)
115,![PixelPlusUI](logo/PixelPlusUI-4221fcd3.png),PixelPlusUI,[AOSP] PixelPlusUI is minimal UI & close to Stock Android ROM which offers great performance and stability with many useful features,India,[Website](https://ppui.site/home) [Github](https://github.com/PixelPlusUI-Elle)
116,![PixelStar](logo/PixelStar-5a15683f.jpg),PixelStar,[AOSP] Another cherry-picked AOSP rom with most of the pixel goodies and some of useful customisation,India,[Github](https://github.com/Project-PixelStar)
117,![Pixys OS](logo/Pixys_OS-02e336b8.png),Pixys OS,"[AOSP] Another Cherry-picked rom, based on AOSP with minimal customizations",India,[Website](https://downloads.pixysos.com/) [Github](https://github.com/PixysOS)
118,![POSP (Potato Open Sauce Project)](logo/POSP_Potato_Open_Sauce_Project-daec70eb.png),POSP (Potato Open Sauce Project),[AOSP],,[Website](https://potatoproject.co/) [Github](https://github.com/PotatoProject)
119,![Project 404](logo/Project_404-a3ed5a02.png),Project 404,[AOSP],,[Website](https://project404.xyz/) [Github](https://github.com/P-404)
120,![Project Arcana](logo/Project_Arcana-ef6f8f62.png),Project Arcana,"[AOSP] A custom mobile phone operating system based on Android Open Source Project focused on improving user experience, with a little bit of spice.",Philippines,[Website](https://projectarcana-aosp.github.io/) [Github](https://github.com/projectarcana-aosp)
121,![Project Awaken](logo/Project_Awaken-281a200b.jpg),Project Awaken,"[AOSP] Awaken OS brings consistent, fluent and smooth experience with all your must-have customizations, for you, for the community, for everyone.",India,[Website](https://awakenos.vercel.app/) [Github](https://github.com/Project-Awaken)
122,![Project Blaze](logo/Project_Blaze-36d73193.png),Project Blaze,"[AOSP] Enhanced Android experience with customizable features, optimized performance, and security.",India,[Website](https://www.projectblaze.in/) [Github](https://github.com/ProjectBlaze)
123,![Project Elixir](logo/Project_Elixir-d6add50e.png),Project Elixir,[AOSP] Redefining your android experience with our new update which offers minimal UI enhancement and close to Stock android experience with customization,India,[Website](https://projectelixiros.com/home) [Github](https://github.com/Project-Elixir) [X](https://twitter.com/Projectelixiros) [Telegram](https://telegram.me/Elixir_Discussion)
124,![Project Everest](logo/Project_Everest-d13871d7.png),Project Everest,[AOSP],,[Github](https://github.com/ProjectEverest) [Telegram](https://t.me/projecteverest)
125,![Project Infinity X](logo/Project_Infinity_X-5d20e4ff.jpg),Project Infinity X,[AOSP] For Those Who Seek the Infinite! Devices: @Infinity-X-Devices,India,[Github](https://github.com/ProjectInfinity-X) [Sourceforge](https://sourceforge.net/projects/infinity-x/)       [Website](https://projectinfinity-x.com/)
126,![Project Kaleidoscope](logo/Project_Kaleidoscope-c31e6fe4.png),Project Kaleidoscope,"[AOSP] One million eyes, one million worlds.",Worldwide,[Website](https://kaleidoscope.ink/) [Github](https://github.com/Project-Kaleidoscope)
127,![Project Kasumi](logo/Project_Kasumi-0f20a215.jpg),Project Kasumi,[AOSP] Another weebified custom ROM aiming to be a home for weebs.,Japan,[Github](https://github.com/ProjectKasumi)
128,![Project Lighthouse](logo/Project_Lighthouse-a28e591b.png),Project Lighthouse,[AOSP],,[Website](https://lighthouse-os.tech/) [Github](https://github.com/lighthouse-os)
129,![Project Matrixx](logo/Project_Matrixx-8dd69d8c.png),Project Matrixx,"[AOSP] Matrixx is a custom ROM, Based on crDroid Android with extra pinch of Salt.",India,[Website](https://projectmatrixx.github.io/) [Github](https://github.com/ProjectMatrixx)
130,![Project Mushroom](logo/Project_Mushroom-2cea018e.png),Project Mushroom,[AOSP] [Discontinued] An AOSP-based Project for Mikufans. (*^_^*). Now we move to https://github.com/Miku-UI,,[Github](https://github.com/Project-Mushroom)
131,![Project Pixelage](logo/Project_Pixelage.png),Project Pixelage,[AOSP],Malaysia,[Github](https://github.com/ProjectPixelage) [Telegram](https://t.me/projectpixelageupdates) [Sourceforge](https://sourceforge.net/projects/projectpixelage/)
132,![Project Radiant](logo/Project_Radiant-efe0bdd0.jpg),Project Radiant,[AOSP],,[Github](https://github.com/ProjectRadiant)
133,![Project Sakura](logo/Project_Sakura-14656cc8.jpg),Project Sakura,[AOSP] Feels Like Spring..,India,[Website](https://projectsakura.xyz/) [Github](https://github.com/ProjectSakura) [X](https://twitter.com/ProjectSakura_)
134,![Project Streak](logo/Project_Streak-8fbeccef.png),Project Streak,"[AOSP] [Discontinued] nah, check @tequilaOS",Poland,[Website](https://projectstreak.pl/) [Github](https://github.com/ProjectStreak)
135,![Project Titanium](logo/Project_Titanium-c16a9117.png),Project Titanium,[AOSP] Custom Android ROM Based on AOSP focused on features and speed.,,[Github](https://github.com/Project-Titanium)
136,![Project Zephyrus](logo/Project_Zephyrus-4b2cba22.jpg),Project Zephyrus,[AOSP],Bangladesh,[Website](https://zephyrus-website.vercel.app/) [Github](https://github.com/Project-Zephyrus)
137,![Proton AOSP](logo/Proton_AOSP-34cdbba1.png),Proton AOSP,"[AOSP] A minimal custom Android ROM focused on UI/UX and performance, with a touch of privacy.",,[Website](https://protonaosp.org/) [Github](https://github.com/ProtonAOSP)
138,![RaveOS](logo/RaveOS-4183bcac.png),RaveOS,[AOSP],,[Website](https://raveos.com/) [Discord](https://discord.gg/Dcdadz2)
139,![ReloadedOS](logo/ReloadedOS-66733191.png),ReloadedOS,[AOSP] ReloadedOS is an Android Custom ROM based on CAF. The main aim of this ROM is to bring stock AOSP experience while offering high performance and excellent battery backup.,,[Website](https://reloadedos.org/) [Github](https://github.com/ReloadedOS)
140,![Replicant](logo/android.png),Replicant,"[AOSP] Based on LineageOS, removes or replaces proprietary components and anti-features Developed by Denis Carikli, Paul Kocialkowski, Started in year 2010",,
141,![Resurrection Remix OS](logo/Resurrection_Remix_OS-9c57d84b.png),Resurrection Remix OS,"[AOSP] [Discontinued] Developed by Resurrection Remix Team, Started in year 2012",,[Website](https://resurrectionremix.com/) [Github](https://github.com/ResurrectionRemix)
142,![ResurrectionRemix-Revived](logo/ResurrectionRemix_Revived-0c045991.png),ResurrectionRemix-Revived,[AOSP] An unofficial fork of @ResurrectionRemix with the aim to deliver the latest security patches beyond its official life.,,[Website](https://resurrectionremix.com/) [Github](https://github.com/ResurrectionRemix-Revived)
143,![Revenge OS](logo/Revenge_OS-fc9aebe4.png),Revenge OS,"[AOSP] A beautiful custom ROM based on AOSP that's designed to be stable, fast and easy to use. Livin' in the legacy.",,[Website](https://revengeos.com/) [Github](https://github.com/RevengeOS)
144,![RiceDroid](logo/RiceDroid-276137be.png),RiceDroid,[AOSP],,[Github](https://github.com/RiceDroid-devices)
145,![RisingOS](logo/RisingOS-983287c1.png),RisingOS,[AOSP] Rising Tech Open Source Software (RisingTechOSS),Philippines,[Github](https://github.com/RisingTechOSS)
146,![RohieOS](logo/RohieOS-211ec368.jpg),RohieOS,"[AOSP] The Pure AOSP Experience Which Every Users Want. Based On CAF, With Meow Icons (Paradise Of Cats)",,[Github](https://github.com/RohieOS)
147,![Scorpion ROM](logo/Scorpion_ROM-4edf5d49.jpg),Scorpion ROM,[AOSP] Custom firmware for Android devices based on Open Source,,[Website](https://scorpionrom.com/) [Github](https://github.com/ScorpionRom)
148,![SerasaOS](logo/SerasaOS-724070ee.jpg),SerasaOS,[AOSP],,[Website](https://github.com/SerasaOS) [Github](https://github.com/SerasaOS)
149,![ShapeShift OS](logo/ShapeShift_OS-876017c4.jpg),ShapeShift OS,[AOSP] An AOSP/CAF based project,,[Website](https://shapeshiftos.com/) [Github](https://github.com/ShapeShiftOS) [Telegram](https://t.me/ShapeShiftOSChannel)
150,![Shift OS](logo/android.png),Shift OS,"[AOSP] Developed by SHIFT GmbH, Started in year 2018",,
151,![SigmaDroid OS](logo/SigmaDroid_OS-57b997f5.png),SigmaDroid OS,[AOSP] A custom AOSP ROM with its own development approach.,,[Website](https://sigmadroid.xyz/) [Github](https://github.com/SigmaDroid-Project) [Telegram](https://t.me/SigmaDroidROMChat)
152,![SkyLineUI](logo/SkyLineUI-01a0f2f4.png),SkyLineUI,[AOSP] Based on Android Open Source Project and PixelOS Releases 14.0 QPR2 SkylineUI a Pixel rom that integrates useful features from known custom ROMs.,,[Github](https://github.com/SkylineUI)
153,![SlimRoms](logo/SlimRoms-3e164a75.png),SlimRoms,"[AOSP] Developed by SlimRoms Team, Started in year 2012",,[Website](https://slimroms.org/) [Github](https://github.com/slimroms)
154,![SomethingOS](logo/SomethingOS-ba054393.jpg),SomethingOS,"[AOSP] SomethingOS is a fork of AOSPA, with extra features and a brand new design",,[Website](https://somethingos.com) [Github](https://github.com/SomethingOS)
155,![SoniUI](logo/SoniUI-dbb3c91f.jpg),SoniUI,[AOSP],,[Github](https://github.com/XOSP-Reborn)
156,![SparkOS](logo/SparkOS-966a597e.png),SparkOS,[AOSP] Everything began from a spark,,[Website](https://www.spark-os.live/) [Github](https://github.com/Spark-Rom)
157,![Spice OS](logo/Spice_OS-213c7ec8.png),Spice OS,[AOSP] Another AOSP ROM trying not to be like AOSP (Under Rebase),,[Github](https://github.com/SpiceOS)
158,![Stag OS](logo/Stag_OS-08563df5.jpg),Stag OS,[AOSP] Unlikely like every other rom out there,,[Website](https://stag-os.org/) [Github](https://github.com/StagOS)
159,![StatiX OS](logo/StatiX_OS-0f1f5841.png),StatiX OS,[AOSP] The official home of StatiX. A homebrew distribution of Android.,USA,[Github](https://github.com/StatiXOS)
160,![Superior OS](logo/Superior_OS-eea7f8f2.png),Superior OS,[AOSP] Yet Another AOSP based Custom ROM,India,[Website](https://superioros.github.io/) [Github](https://github.com/SuperiorOS)
161,![Syberia OS](logo/Syberia_OS-0435c7d5.png),Syberia OS,[AOSP] An AOSP based project built to enhance the stock Android experience,Russia,[Website](https://syberiaos.com/) [Github](https://github.com/syberia-project)
162,![TenXOS (10X OS)](logo/TenXOS_10X_OS-729375e6.png),TenXOS (10X OS),[AOSP] The Custom ROM!,India,[Github](https://github.com/TenX-OS)
163,![Tequila OS](logo/Tequila_OS-92e9e134.png),Tequila OS,[AOSP] ¿qué estás buscando?,Poland,[Website](https://tequilaos.org) [Github](https://github.com/tequilaOS)
164,![AOSPK - The Kraken Project](logo/AOSPK_The_Kraken_Project-c5246736.jpg),AOSPK - The Kraken Project,[AOSP] based on AOSP with useful customizations for everyday life,Brazil,[Github](https://github.com/AOSPK)
165,![The Styx Project](logo/The_Styx_Project-7e8de465.png),The Styx Project,"[AOSP] A free and open-source aftermarket operating system, based on the Android mobile platform for mobile devices.",Worldwide,[Website](https://styxproject.ml/) [Github](https://github.com/StyxProject)
166,![Tipsy OS](logo/Tipsy_OS-143764ba.gif),Tipsy OS,[AOSP],,[Github](https://github.com/TipsyOs)
167,![Toxyc OS](logo/Toxyc_OS-84c7cf5d.png),Toxyc OS,[AOSP] #StayToxicated!,,[Github](https://github.com/ToxycOS)
168,![UltimateOS](logo/UltimateOS-f13f66b2.jpg),UltimateOS,[AOSP] An Android Operating System Based On AOSP.,India,[Github](https://github.com/UltimateOS)
169,![Validus OS](logo/Validus_OS-5da7b74c.jpg),Validus OS,[AOSP],,[Github](https://github.com/ValidusOs)
170,![Viper OS](logo/Viper_OS-8a07bc84.png),Viper OS,[AOSP],,[Website](https://viperos.gitlab.io/) [Github](https://github.com/ViperOS)
171,![VoidUI](logo/VoidUI-39c32b85.png),VoidUI,"[AOSP] AOSP Roms which you had never before Project is based on Pixel Experience Plus version and tons of backend upstreams, fixes and soon we will get new interesting features",,[Github](https://github.com/VoidUI)
172,![Voltage OS](logo/Voltage_OS-b2bd2517.png),Voltage OS,[AOSP],,[Github](https://github.com/VoltageOS) [SourceForge](https://sourceforge.net/projects/voltage-os/) [Website](https://www.voltageos.com/)
173,![WaveOS](logo/WaveOS-d8e4d089.png),WaveOS,"[AOSP] Android custom ROM project based on AOSP, with a perfect blend of aesthetic, functionality and performance.",India,[Github](https://github.com/Wave-Project)
174,![Weeb Projekt](logo/Weeb_Projekt-9504e0e0.png),Weeb Projekt,[AOSP],Japan,[Github](https://github.com/weebproject)
175,![WitAqua](logo/WitAqua-0612bcbd.png),WitAqua,[AOSP] AOSP based android custom opereting system,Japan,[Github](https://github.com/WitAqua)
176,![Xdroid CAF](logo/Xdroid_CAF-1d157437.png),Xdroid CAF,[AOSP] [Discontinued] we re moving to github.com/xdroid-oss,Indonesia,[Github](https://github.com/xdroid-CAF)
177,![xdroidOSS](logo/xdroidOSS-2a076b1d.png),xdroidOSS,[AOSP] Android OS with Minimal Design Oriented With all the useful stuff that you love!,Indonesia,[Website](http://xd.xyzscape.xyz/) [Github](https://github.com/xdroid-oss)
178,![Xenon HD](logo/Xenon_HD-c8f66f7a.png),Xenon HD,[AOSP] TeamHorizon's custom ROM for various Android devices,,[Website](https://www.xenonhd.com/) [Github](https://github.com/TeamHorizon)
179,![XPerience CAF](logo/XPerience_CAF-7e7a6011.png),XPerience CAF,[AOSP] CAF based ROM.,,[Github](https://github.com/TheXperienceProject) [SourceForge](https://sourceforge.net/projects/xperience-aosp/)
180,![Xtended XS](logo/Xtended_XS-3241008f.jpg),Xtended XS,[AOSP] Custom ROM redefined.,,[Website](https://project-xtended.org/) [Github](https://github.com/Project-Xtended)
181,![YAAP (Yet Another AOSP Project)](logo/YAAP_Yet_Another_AOSP_Project-994d9c04.png),YAAP (Yet Another AOSP Project),"[AOSP] A project aiming to stay close to AOSP design goals, offer a clean interface, and avoid becoming a mess.",,[Website](https://yaosp.dev/) [Github](https://github.com/yaap) [Telegram](https://t.me/yaapcommon)
182,![ZeusOS](logo/ZeusOS-e535c9d6.jpg),ZeusOS,[AOSP],,[Github](https://github.com/Zeus-OS)
183,![Android S GSI](logo/Android_S_GSI.jpg),Android S GSI,[GSI],,[Telegram](https://t.me/androidsgsi)
184,![AOSP](logo/android.png),AOSP 12.1 v416 (treble_experimentations),[GSI],,[Github](https://github.com/phhusson/treble_experimentations/releases)
185,![CAOS A11](logo/android.png),CAOS A11 (TrebleGSI Files),[GSI],,[Sourceforge](https://sourceforge.net/projects/treblerom/files/CAOS11/)
186,![Corvus OS](logo/android.png),Corvus OS (Tipz Team Builds Files),[GSI],,[Sourceforge](https://sourceforge.net/projects/tipzbuilds/files/GSIs/CorvusROM/)
187,![CrDroid R Mod](logo/android.png),CrDroid R Mod (TrebleGSI Files),[GSI],,[Sourceforge](https://sourceforge.net/projects/treblerom/files/crDRom11/)
188,![Firmware Collection](logo/android.png),Firmware Collection (Braialindo),[GSI],,[Sourceforge](https://sourceforge.net/projects/braiagsi/files/)
189,![Firmware Collection](logo/android.png),Firmware Collection (Diust),[GSI],,[Sourceforge](https://sourceforge.net/projects/androidgsi/files/)
190,![Firmware Collection](logo/android.png),Firmware Collection (Eremitein),[GSI],,[Sourceforge](https://sourceforge.net/projects/treblerom/files/)
191,![Firmware Collection](logo/android.png),Firmware Collection (Erfanoabdi),[GSI],,[Website](https://mirrors.lolinet.com/firmware/gsi/)
192,![Firmware Collection](logo/android.png),Firmware Collection (Lgor-s7),[GSI],,[Sourceforge](https://sourceforge.net/projects/amber-gsi/files/)
193,![Firmware Collection (Nippon) - OneUI](logo/Firmware_Collection_Nippon_OneUI-1c7ee1cd.png),Firmware Collection (Nippon) - OneUI,[GSI],,[Sourceforge](https://sourceforge.net/projects/nippongsi/files/) [Telegram](https://t.me/s/nippongsi)
194,![Firmware Collection](logo/android.png),Firmware Collection (Trisquel),[GSI],,[Sourceforge](https://sourceforge.net/projects/gsi-albus/files/)
195,![Firmware Collection](logo/android.png),Firmware Collection (Tunahan),[GSI],,[Sourceforge](https://sourceforge.net/projects/tunahan-s-builds/files/gsi/)
196,![Firmware Collection (Turbolukex5)](logo/Firmware_Collection_Turbolukex5-7a2e4aaa.png),Firmware Collection (Turbolukex5),[GSI],,[Sourceforge](https://sourceforge.net/projects/expressluke-gsis/files/)
197,![Google GSI A10](logo/android.png),Google GSI A10,[GSI],,[Website](https://ci.android.com/builds/branches/aosp-android10-gsi/grid?)
198,![Google GSI A11](logo/android.png),Google GSI A11,[GSI],,[Website](https://ci.android.com/builds/branches/aosp-android11-gsi/grid?)
199,![Google GSI A12](logo/android.png),Google GSI A12,[GSI],,[Website](https://developer.android.com/about/versions/12/gsi-release-notes#downloads)
200,![Google GSI A13](logo/android.png),Google GSI A13,[GSI],,[Website](https://developer.android.com/about/versions/13/gsi-release-notes#downloads)
201,![Abhix MIUI](logo/AbhixMIUI.jpg),Abhix MIUI,[XIAOMI],,[Telegram](https://t.me/ROGEditionUPDATES)
202,![CharlieOS (HyperOS)](logo/CharlieOS.jpg),CharlieOS,[XIAOMI],,[Telegram](https://t.me/s/CharlieOS_Cloud)
203,![DevineUI](logo/android.png),DevineUI,[XIAOMI],,
204,![EliteRoms](logo/EliteRoms.jpg),EliteRoms,"[XIAOMI] Elite Development Project creates custom OS based on MIUI and HyperOS ROMs, is available for several devices, with more being continuously added thanks to the supportive community. Join us and experience a good side of HyperOS and MIUI roms you always desired.",Pakistan,[Website](https://www.elitedevelopment.com.pk/) [Telegram](https://t.me/EliteDevelopmentforMi)
205,![Hyper Mint](logo/HyperMint.jpg),Hyper Mint,[XIAOMI],Indonesia,[Telegram](https://t.me/project_mint)
206,![HyperArt](logo/HyperArt.jpg),HyperArt,[XIAOMI] HyperOS Port Mod,,[Telegram](https://t.me/HyperArtRom) [pling](https://www.pling.com/p/2122478)
207,![HyperIN](logo/HyperIN.png),HyperIN,[XIAOMI] The Ultra Pure HyperOS ROM,,[Website](https://hyperin.vercel.app/) [Github](https://github.com/HyperIN-The-Ultra-Pure-HyperOS-ROM)
208,![HyperOS GoPlus](logo/android.png),HyperOS GoPlus,[XIAOMI],,
209,![HyperOS Reborn](logo/android.png),HyperOS Reborn,[XIAOMI],,[Telegram](https://t.me/reborn_dll)
210,![HyperOS TN](logo/HyperOSReborn.jpg),HyperOS TN,[XIAOMI],,[Website](https://miuitn.vercel.app/HyperTN/)
211,![HyperVN](logo/MIUIVN.webp),HyperVN,[XIAOMI],,[sourceforge](https://sourceforge.net/projects/miuivn/files/fuxi/HyperVN/)
212,![HyperVoltron](logo/HyperVoltron.jpg),HyperVoltron,[XIAOMI],,[Telegram](https://t.me/s/HyperVoltronUpdates)
213,![MIUI OneOS](logo/OneOS.webp),MIUI OneOS,"[XIAOMI] OneOS, Project for Xiaomi Devices with a lot of features u can see all on website :) When u try, u cant want try another",,[Sourceforge](https://sourceforge.net/projects/one-os/)
214,![MIUI Pro](logo/MiuiPro.webp),MIUI Pro,[XIAOMI] Localized MIUI ROMs,,[Sourceforge](https://sourceforge.net/projects/miuipro/)
215,![MIUI TR](logo/miuitr.jpg),MIUI TR,[XIAOMI],,[Website](https://forum.miuitr.info/bolum/miuitr.5/)
216,![PaperOS](logo/android.png),PaperOS,[XIAOMI],,
217,![ReavenUI](logo/android.png),ReavenUI,[XIAOMI],,
218,![RemodedUI](logo/android.png),RemodedUI,[XIAOMI] RemodedUI is An OpenSource Aftermarket modified Android Operating System based on MIUI. With RUi in hand you can experience pure MIUI but with the customisations. RemodedUi is currently based on MIUI 12.5/13/14 versions. RUi is a totally debloated rom with just the core Xiaomi applications that are required by the system.,,[XDA](https://xdaforums.com/t/rom-miuimod-13-0-xaga-official-remodedui-lynx-09-07-2023.4608545/)
219,![RevOS](logo/RevOS-298d380c.jpg),RevOS,[XIAOMI] MIUI Custom ROM for Xiaomi Devices,,[Sourceforge](https://sourceforge.net/projects/revolutionos-miui/)
220,![Xiaomi.EU](logo/Xiaomi_EU-0d223bb9.png),Xiaomi.EU,[XIAOMI],,[Website](https://xiaomi.eu/) [Sourceforge](https://sourceforge.net/projects/xiaomi-eu-multilang-miui-roms/files/xiaomi.eu/)
221,![/e/](logo/android.png),/e/,"[PROPRIETARY] Privacy focused, smartphones with preinstalled OS commercially available. Forked from LineageOS. Formerly called """"Eelo"""" and now named MurenaOS. Developed by e Foundation, Started in year 2017",,
222,![AliOS](logo/android.png),AliOS,"[PROPRIETARY] [Discontinued] A forked but incompatible version of Android[33] Developed by Alibaba Cloud, Started in year 2011",,
223,![Baidu Yi](logo/android.png),Baidu Yi,"[PROPRIETARY] [Discontinued] Discontinued in March 2015 Developed by Baidu, Inc., Started in year 2011",,
224,![BharOS](logo/BharOS.jpg),BharOS,"[PROPRIETARY] A fork of the Android Open Source Project, BharOS (formerly IndOS) is a closed source mobile operating system designed by IIT Madras. It is an Indian government-funded project to develop an operating system (OS) for use in government and public systems. Started in year 2023.",India,
225,![ColorOS](logo/color_os.png),ColorOS,"[PROPRIETARY] For OPPO and OnePlus Android Smartphones and Tablets, Started in year 2013",,
226,![CopperheadOS](logo/CopperheadOS.webp),CopperheadOS,"[PROPRIETARY] Security- and privacy-focused, no OS analytics by default, smartphones with preinstalled OS commercially available. Developed by Copperhead Security, Started in year 2014",Canada,[Github](https://github.com/CopperheadOS)
227,![emteria.OS](logo/android.png),emteria.OS,"[PROPRIETARY] Platform for building custom Android ROMs (""""emteria.OS"""") targeted at professional enterprise applications. Supported by a set of remote management and OTA update capabilities (""""DeviceHub""""). ARM and x86 platforms, custom industrial hardware platforms, strong focus on the Raspberry Pi family (5, 4B, 3B, 400, CM, etc.) Developed by emteria GmbH, Started in year 2017",,
228,![EMUI](logo/android.png),EMUI,"[PROPRIETARY] [Discontinued] Also known as Magic UI in most of the high-end Honor devices and the current Honor devices after it split with Huawei. Developed by Huawei Technologies Co., Ltd., Started in year 2012",,
229,![Fire OS](logo/android.png),Fire OS,"[PROPRIETARY] For Amazon Kindle Fire, Fire TV, Fire Phone, Amazon Echo, Centered on content consumption, heavy ties to Amazon's store and content. Developed by Amazon.com, Inc., Started in year 2011",,
230,![Indus OS](logo/android.png),Indus OS,"[PROPRIETARY] Developed by Team Indus OS, Started in year 2015",,
231,![LeWa OS](logo/android.png),LeWa OS,"[PROPRIETARY] [Discontinued]  Developed by Lewa Technology, Started in year 2011",,
232,![LG UX](logo/LGUX.jpg),LG UX,"[PROPRIETARY] [Discontinued] For LG Smartphones and Tablets. Succeeding Optimus UI Developed by LG Electronics, Started in year 2012",,
233,![MagicOS](logo/MagicOS-8.jpeg),MagicOS,"[PROPRIETARY] Also known as Magic UI on pre 7.x version, independently developed by Honor for Honor devices after it split with Huawei. Started in year 2016.",,
234,![MIUI](logo/Xiaomi-miui-logo.webp),MIUI,"[PROPRIETARY] [Discontinued] For Xiaomi, Redmi and POCO devices, Succeeded by Xiaomi HyperOS Developed by Xiaomi Corporation, Started in year 2010",,
235,![My UX](logo/myux.jpg),My UX,[PROPRIETARY],,[Website](https://www.motorola.com/us/my-ux/)
236,![One UI](logo/oneui.png),One UI,"[PROPRIETARY] Succeeding Samsung Experience UX and TouchWiz Developed by Samsung Electronics Co., Ltd., Started in year 2019",,[Website](https://www.samsung.com/us/apps/one-ui/)
237,![OxygenOS](logo/OxygenOS.png),OxygenOS,"[PROPRIETARY] For OnePlus Android Smartphones, Merged with HydrogenOS in 2018. Using ColorOS codebase from 12.0 release. Developed by OnePlus, Started in year 2015",,[Website](https://www.oneplus.in/oxygenos15)
238,![realme UI](logo/realme_UI.jpg),realme UI,"[PROPRIETARY] For Realme devices, Based on ColorOS, Started in year 2020.",,[Website](https://www.realme.com/in/realme-ui)
239,![Smartisan OS](logo/android.png),Smartisan OS,"[PROPRIETARY] [Discontinued]  Developed by Smartisan, Started in year 2012",,
240,![Xiaomi HyperOS](logo/HyperOS.webp),Xiaomi HyperOS,"[PROPRIETARY] For Xiaomi, Redmi and POCO devices, Succeeding MIUI Developed by Xiaomi Corporation, Started in year 2023",,
241,![OrangeFox Recovery](logo/OrangeFox_Recovery-02528351.png),OrangeFox Recovery,"[RECOVERY] OrangeFox Recovery is one of the most popular custom recoveries, with amazing additional features, fixes and a host of supported devices",,[Website](https://orangefox.download) [Gitlab](https://gitlab.com/OrangeFox)
242,![Pitch Black Recovery Project](logo/Pitch_Black_Recovery_Project-04f1378f.png),Pitch Black Recovery Project,"[RECOVERY] Android recovery is a dedicated recovery console which is independent of Android OS, provides most of the utilities to recover your device.",,[Website](https://pitchblackrecovery.com/) [Github](https://github.com/PitchBlackRecoveryProject)
243,![Pterodon Recovery](logo/Pterodon_Recovery-42176502.jpg),Pterodon Recovery,"[RECOVERY] A brand new android custom recovery, built by the community for the community.",,[Github](https://github.com/PterodonRecovery) [Telegram](https://t.me/joinchat/FZlpFBdO4Hypy6oVASltqA)
244,![RedWolf Recovery Project](logo/RedWolf_Recovery_Project-d769ef82.jpg),RedWolf Recovery Project,[RECOVERY] Origin - EU,,[Website](https://redwolfrecovery.github.io/) [Github](https://github.com/RedWolfRecovery)
245,![SHRP – Sky Hawk Recovery Project](logo/SHRP___Sky_Hawk_Recovery_Project-ae78a110.png),SHRP – Sky Hawk Recovery Project,[RECOVERY] SHRP is inspired by mordern design to bring the newest design to the native TWRP. SHRP provides much more along side of it's rich UI experience.,,[Website](https://skyhawkrecovery.github.io/) [Github](https://github.com/SHRP) [Telegram](https://t.me/sky_hawk)
246,![TWRP – Team Win Recovery Project](logo/TWRP___Team_Win_Recovery_Project-6a97d7b1.jpg),TWRP – Team Win Recovery Project,[RECOVERY] A custom recovery is used for installing custom software on your device.,,[Website](https://twrp.me/) [Github](https://github.com/TeamWin)
247,![APatch : The Patching of Android Kernel & System](logo/APatch_The_Patching_of_Android_Kernel_System-1deee9ff.png),APatch : The Patching of Android Kernel & System,[ROOT] The patching of Android kernel and Android system,,[Github](https://github.com/bmax121/APatch)
248,![KernelSU : Kernel Based Root Solution for Android](logo/KernelSU_Kernel_Based_Root_Solution_for_Android-48b24a4f.jpg),KernelSU : Kernel Based Root Solution for Android,[ROOT] A Kernel based root solution for Android,,[Website](https://kernelsu.org) [Github](https://github.com/tiann/KernelSU)
249,![Magisk : The Magic Mask for Android](logo/Magisk_Logo.svg),Magisk : The Magic Mask for Android,[ROOT] The Magic Mask for Android - Provide root access for applications,,[Github](https://github.com/topjohnwu/Magisk)
